{
  "controller/App-dbg.controller.js": 1725850181050,
  "manifest.json": 1725850294123,
  "controller/Home.controller.js": 1725850181050,
  "controller/App.controller.js": 1725850181050,
  "model/models.js": 1725850181050,
  "Component.js": 1725850181050,
  "model/models-dbg.js": 1725850181050,
  "model/models.js.map": 1725850294235,
  "i18n/i18n.properties": 1725850181050,
  "controller/App.controller.js.map": 1725850294235,
  "controller/Home-dbg.controller.js": 1725850181050,
  "controller/Home.controller.js.map": 1725850294239,
  "Component-dbg.js": 1725850181050,
  "Component.js.map": 1725850294237,
  "Component-preload.js": 1725850294309,
  "Component-preload.js.map": 1725850294309,
  "view/Home.view.xml": 1725850181050,
  "view/App.view.xml": 1725850181050,
  "css/style.css": 1725850181050,
  "index.html": 1725850181050
}