{
  "view/App.view.xml": 1725850181050,
  "model/models.js": 1725850181050,
  "controller/Home.controller.js": 1726726292681,
  "controller/App.controller.js": 1725850181050,
  "manifest.json": 1726726408731,
  "Component.js": 1726495655758,
  "Component-dbg.js": 1726495655758,
  "Component.js.map": 1726726408905,
  "controller/Home-dbg.controller.js": 1726726292681,
  "controller/Home.controller.js.map": 1726726408922,
  "controller/App-dbg.controller.js": 1725850181050,
  "controller/App.controller.js.map": 1726726408900,
  "model/models-dbg.js": 1725850181050,
  "model/models.js.map": 1726726408904,
  "Component-preload.js": 1726726409120,
  "Component-preload.js.map": 1726726409120,
  "view/Home.view.xml": 1726717680193,
  "i18n/i18n.properties": 1725850181050,
  "css/style.css": 1725850181050,
  "index.html": 1725850181050
}