{
  "Component-preload.js": 1726106728470,
  "controller/App.controller.js": 1725850181050,
  "controller/Home.controller.js": 1725892214949,
  "model/models.js": 1725850181050,
  "manifest.json": 1726106728039,
  "Component.js": 1725891730141,
  "model/models-dbg.js": 1725850181050,
  "model/models.js.map": 1726106728247,
  "controller/Home-dbg.controller.js": 1725892214949,
  "controller/Home.controller.js.map": 1726106728259,
  "controller/App-dbg.controller.js": 1725850181050,
  "controller/App.controller.js.map": 1726106728243,
  "Component-dbg.js": 1725891730141,
  "Component.js.map": 1726106728252,
  "i18n/i18n.properties": 1725850181050,
  "Component-preload.js.map": 1726106728470,
  "view/Home.view.xml": 1725900300745,
  "view/App.view.xml": 1725850181050,
  "css/style.css": 1725850181050,
  "index.html": 1725850181050
}